date,batch,name,linkedin_url,region,company,role,trigger,activity_pattern,last_indexed_own_post,score,tier,status,notes
2026-09-22,01,Ravi Ramachandran,https://www.linkedin.com/in/ravishankarramachandran,India,Nua,Founder & CEO,$50M Series C Sep 2026,milestone-only,2026-02,60,warm-priority,queued,
2026-09-22,01,Karishma Rathaur,https://www.linkedin.com/in/karishmarathaur,India,Firi,Co-founder,New co Jun 2026 + $3M seed Sep 2026,milestone-only,2024-04,60,warm-priority,queued,
2026-09-22,01,Sadra Hosseini,https://www.linkedin.com/in/sadra-hosseini,UK,Ryft,Co-founder & CEO,EUR23M EU expansion Sep 2026,went-quiet,2025-04,60,warm-priority,queued,
2026-09-22,01,Erin Kelly,https://www.linkedin.com/in/erinottawa,Canada,askpolly,Co-founder & CEO,$3M seed + US GTM Sep 2026,went-quiet,2024-06,60,warm-priority,queued,CASL applies to email
2026-09-22,01,Radhika Patil,https://www.linkedin.com/in/radhika-gandhi-patil,US,Cradlewise,Co-founder & CEO,$12M Series A Sep 2026,milestone-only,2023-06,60,warm-priority,queued,
2026-09-22,01,Shourya Agarwal,https://www.linkedin.com/in/shourya-agarwal-015947b5,US/India,Flam,Founder & CEO,$40M Series B Sep 2026,company-news-voice,2025-06,60,warm-priority,queued,
2026-09-22,01,Jagnoor Singh,https://www.linkedin.com/in/jagnoors,India,Practo,CEO,Became CEO 1 Sep 2026,emerging-writer,2026-07,50,warm,queued,Contact before Shashank ND
2026-09-22,01,Madhulima Tewari,https://www.linkedin.com/in/maddietewari,India/US,VerifAIX,CEO,$5M seed Sep 2026,milestone-only,2025-10,50,warm,queued,Confirm location
2026-09-22,01,Ben Armstrong,https://www.linkedin.com/in/benarmstrong2,UK,Cytix,CEO,$7M Series A Aug 2026,went-quiet,2024-09,50,warm,queued,
2026-09-22,01,Theo Saville,https://www.linkedin.com/in/theosaville,UK,CloudNC,Co-founder & CEO,EUR17.2M Sep 2026,went-quiet,2024-02,50,warm,queued,Check for in-house marketing
2026-09-22,01,Adrian Murray,https://www.linkedin.com/in/adrianmurrray,Canada,Fisent Technologies,Founder & CEO,$4.3M Aug 2026,milestone-only,2025-06,50,warm,queued,
2026-09-22,01,Raghav Midha,https://www.linkedin.com/in/raghavmidha,Canada,Terminal,Co-founder & CEO,$20M Series A Jul 2026,company-news-voice,2025-10,50,warm,queued,
2026-09-22,01,Doug Schweitzer,https://www.linkedin.com/in/doug-schweitzer-573a443b,Canada,Ultimarii,CEO & co-founder,$13M CAD Series A Sep 2026,went-quiet,2024-01,50,warm,queued,Former Alberta minister
2026-09-22,01,Gabriel Rivest,https://www.linkedin.com/in/gabriel-rivest-11a019b4,Canada,Scopia Surgical,CEO & co-founder,$2.65M CAD pre-seed Sep 2026,milestone-only,2026-09-04,50,warm,queued,Active last 30 days; offer French
2026-09-22,01,David Lighton,https://www.linkedin.com/in/david-lighton-b027a917,US,Diameter Pay,Founder & CEO,$10M Series A Sep 2026,went-quiet,2023-07,50,warm,queued,Confirm location
2026-09-22,01,Leo Crowe,https://www.linkedin.com/in/leo-crowe-457815121,UK,Souk,Co-founder & CEO,$1.6M pre-seed Sep 2026,emerging-writer,2026-04,40,warm,queued,Pre-seed budget
2026-09-22,01,Alex Harland,https://www.linkedin.com/in/alex-harland-a110b0149,UK,AI Score,Co-founder & CEO,EUR4.6M Sep 2026,emerging-writer,2026-02,40,warm,queued,
2026-09-22,01,Shishir Bankapur,https://www.linkedin.com/in/shishir-work,US,Helogen,CEO,$7.1M seed Sep 2026,emerging-writer,2026-06,40,warm,queued,
2026-09-22,01,Shashank ND,https://www.linkedin.com/in/shashanknd,India,Practo,Founder MD & Exec Chairman,New role 1 Sep 2026,company-news-voice,2026-01,40,warm,queued,Wait 1 week after Jagnoor
2026-09-22,01,Ilan Zerbib,https://www.linkedin.com/in/izerbib,US,Sapiom,Founder & CEO,$35M Series A Aug 2026,already-consistent,2026-08,40,warm,queued,Pitch time and reach not starting
2026-09-25,02,Aniket Shah,https://www.linkedin.com/in/aniketshah30,India,Swish,Co-founder & CEO,"$24M led by Bertelsmann India, with Accel and Bain Capital Ventures, to expand its 10-minu",milestone-only,2025-03,60,warm-priority,queued,Co-founders Ujjwal Sukheja and Saran S. also post. Pitch Aniket first.
2026-09-25,02,Sunil Gupta,https://www.linkedin.com/in/sunil-gupta-1733754,India,QNu Labs,Co-founder & CEO,"Rs 200 Cr Series A1 co-led by National Quantum Mission and Speciale Invest, with Sony Inno",company-news-voice,2025-12,50,warm,queued,"Deep tech, government and defence buyers. Keep it formal."
2026-09-25,02,Prashant Shah,https://www.linkedin.com/in/prashant-shah-definedge,India,Definedge,Co-founder,"Rs 22 Cr pre-Series A; total raised Rs 30 Cr; 14+ trading and investing platforms (Opstra,",milestone-only,2025-12,50,warm,queued,"Check whether he already posts on YouTube or X. If so, pitch repurposing onto LinkedIn."
2026-09-25,02,Abhijit (AB) Gupta,https://www.linkedin.com/in/ab-gupta-9b1b8210,India,"Popo Global (The Pizza Bakery, Paris Panini, Smash Guys)",Co-founder,Rs 532 Cr from Artal Asia to expand beyond Bengaluru,went-quiet,2023-04,60,warm-priority,queued,Co-founder brother Nikhil Gupta. Pitch AB first.
2026-09-25,02,Karan Jain,https://www.linkedin.com/search/results/people/?keywords=Karan%20Jain%20Carrum%20Mobility,India,Carrum Mobility,Founder & CEO,$10M Series B led by Uber at about $168M valuation; business nearly doubled since January;,not-indexed,,60,warm-priority,queued,VERIFY PROFILE. Confirm profile before sending.
2026-09-25,02,Abhishek Murarka,https://www.linkedin.com/search/results/people/?keywords=Abhishek%20Murarka%20Circolife,India,Circolife,Co-founder & CEO,"$4.5M (Rs 40.45 Cr) pre-Series A anchored by Bharat Jaisinghani of Polycab, with Nitish Mi",not-indexed,,50,warm,queued,VERIFY PROFILE. Confirm profile before sending.
2026-09-25,02,Sneha Priya Reddy,https://www.linkedin.com/search/results/people/?keywords=Sneha%20Priya%20Reddy%20UniqYou,India,UniqYou,Co-founder,Rs 15.8 Cr seed led by Arkam Ventures and Antler; company founded 2026; angels include Myn,not-indexed,,60,warm-priority,queued,VERIFY PROFILE. Confirm profile. Co-founder Nishanth Jois.
2026-09-25,02,Ankit Joshi,https://www.linkedin.com/search/results/people/?keywords=Ankit%20Joshi%20TRUE%20ARTIS,India,TRUE ARTIS,Co-founder,"Rs 11.4 Cr seed led by Zeropearl VC, with Medanta co-founder's group Eleven; two aesthetic",not-indexed,,50,warm,queued,VERIFY PROFILE. Confirm profile. Co-founder Sandeep Upadhyay. Medical advertising rules apply to content.
2026-09-25,02,Devang Kumar,https://www.linkedin.com/search/results/people/?keywords=Devang%20Kumar%20Greenwave%20Circularity,India,Greenwave Circularity,Founder & CEO,$31.5M financing from OeEB (Development Bank of Austria) for a closed-loop PET recycling p,not-indexed,,50,warm,queued,"VERIFY PROFILE. Confirm profile. This is debt financing, not equity, so avoid calling it a round."
2026-09-25,02,Avni Jain,https://www.linkedin.com/search/results/people/?keywords=Avni%20Jain%20Nuvah,India,Nuvah,Founder,"Rs 4 Cr pre-seed from Amit Jain (CarDekho), Shantanu Deshpande (Bombay Shaving Co) and Ish",not-indexed,,50,warm,queued,"VERIFY PROFILE. Confirm profile. Pre-seed budget, so offer the pilot."
2026-09-25,02,Charlie Bullock,https://www.linkedin.com/in/charlie-bullock,UK,Scan.com,Co-founder & CEO,"$220M incl. $90M Series C equity led by Noteus Partners, to build the largest US imaging n",milestone-only,2025-03,60,warm-priority,queued,Likely has comms support. Ask who owns his LinkedIn.
2026-09-25,02,Charlie Cook,https://www.linkedin.com/in/charlie-cook-2088922b,UK,Rightcharge,Founder & CEO,"GBP 500k after 20x ARR growth, to scale fleet EV charging payments across Europe; Visa rec",emerging-writer,2026-07,50,warm,queued,The 'resigns' post is an April Fools joke. He's still CEO.
2026-09-25,02,Koji Muto,https://www.linkedin.com/in/kojimuto,UK,Ki 13 (formerly Ki Hydrogen),Co-founder & CEO,"$5M seed led by HICO, plus Innovate UK grants; rebranded to Ki 13 (Aug 2026)",milestone-only,2026-08,60,warm-priority,queued,
2026-09-25,02,Francisco Vigo,https://www.linkedin.com/in/francisco-juan-vigo,UK,geoSurge,Co-founder & CEO,$12M (EUR 10M) seed led by AlbionVC with Play Ventures,company-page-voice,2025-12,50,warm,queued,
2026-09-25,02,Callum Adamson,https://www.linkedin.com/in/callumadamson,UK,Applied Computing,Co-founder & CEO,About EUR 17.4M led by KBR with Databricks Ventures; Orbital foundation model for energy o,went-quiet,2025-05,50,warm,queued,Co-founder Dr Sam Tukra.
2026-09-25,02,Lestat McCree,https://www.linkedin.com/in/lestatmccree,UK,Healf,Co-founder & CEO,Funding led by SEMCAP Beauty & Wellness; GBP 100M+ annualised revenue; expanding to German,emerging-writer,2026-01,50,warm,queued,"Co-founder Max Clarke. Big brand, so expect a comms team."
2026-09-25,02,Jon Steinback,https://www.linkedin.com/in/itsmejon,UK,Marker,Co-founder & CEO,$13M seed led by Index Ventures with LocalGlobe; AI-native word processor,already-consistent,2026-07,40,warm,queued,Low fit for ghostwriting. Only pitch strategy.
2026-09-25,02,Stephen Cowley,https://www.linkedin.com/in/stephen-cowley-8960a0228,UK,Pharosyn,Co-founder,"$3M (EUR 2.5M) seed led by Moonfire Ventures, with Entrepreneurs First",emerging-writer,2026-07,40,warm,queued,Confirm who's CEO (Stephen or Joshua Hampson).
2026-09-25,02,Steve Rimmer,https://www.linkedin.com/search/results/people/?keywords=Steve%20Rimmer%20Tickets%20for%20Good,UK,Tickets for Good,CEO,"GBP 3.9M new funding; platform giving NHS workers, teachers and charity staff access to su",not-indexed,,50,warm,queued,VERIFY PROFILE. Confirm profile and whether he's the founder.
2026-09-25,02,Ismaeel Bashir,https://www.linkedin.com/search/results/people/?keywords=Ismaeel%20Bashir%20Expanse,UK,Expanse,Co-founder & CEO,EUR 4.5M for a predictive AI infrastructure platform,not-indexed,,50,warm,queued,VERIFY PROFILE. Confirm profile and base (UK or US).
2026-09-25,02,Jason Liao,https://www.linkedin.com/search/results/people/?keywords=Jason%20Liao%20Mundo%20AI,Canada,Mundo AI,Co-founder & CEO,$20M Series A led by GreatPoint Ventures plus a $4M seed; YC; data for AI perception (audi,not-indexed,,50,warm,queued,VERIFY PROFILE. Confirm profile.
2026-09-25,02,David S. Bennahum,https://www.linkedin.com/in/dbennahum,Canada,Onix,Co-founder & CEO,$5M pre-seed led by Alpha Edison; AI versions of health and wellness experts,emerging-writer,2025-09,40,warm,queued,"Writer himself, so pitch strategy over ghostwriting."
2026-09-25,02,Kyle Braatz,https://www.linkedin.com/in/braatzy,Canada,Fullscript,Co-founder & CEO,Investment from L Catterton and Altas Partners,company-news-voice,2026-02,50,warm,queued,Likely has an in-house comms team. Pitch executive content support.
2026-09-25,02,LP Maurice,https://www.linkedin.com/in/lmaurice,Canada,Busbud / Terra Mobility,Co-founder & CEO,US$40M financing from Vista Credit Partners and launch of parent company Terra Mobility,went-quiet,2024-05,60,warm-priority,queued,Montreal. Offer French.
2026-09-25,02,Stéphane Garneau,https://www.linkedin.com/in/sgarneau,Canada,Micrologic,President & CEO,$45M from Fonds de solidarité FTQ and Investissement Québec for sovereign cloud services,went-quiet,2024-05,50,warm,queued,Confirm the funding date before sending. Write in French.
2026-09-25,02,Sanja Fidler,https://www.linkedin.com/in/sanja-fidler-2846a1a,Canada,Veeda AI,Co-founder & CEO,$90M+ seed from Khosla Ventures and Radical Ventures; left NVIDIA (VP AI research) to foun,research-voice,2025-12,50,warm,queued,"High profile. Low odds, high value."
2026-09-25,02,Kimia Hamidi,https://www.linkedin.com/in/hkimia,Canada,NationGraph,Co-founder & CEO,$18M Series A led by Menlo Ventures (announced Feb 2026; older than 90 days),emerging-writer,2026-04,20,nurture,nurture,Nurture. Trigger is older than 90 days. Revisit on the next trigger.
2026-09-25,02,Darren Hill,https://www.linkedin.com/search/results/people/?keywords=Darren%20Hill%20Legio,Canada,Legio,CEO,$5M seed from Klass Capital; AI safety and security operations for higher education,not-indexed,,50,warm,queued,VERIFY PROFILE. Confirm profile.
2026-09-25,02,Kelvin Cui,https://www.linkedin.com/search/results/people/?keywords=Kelvin%20Cui%20Peripheral,Canada,Peripheral,Co-founder & CEO,"$8.7M seed led by Inovia Capital and Deloitte Ventures, with Khosla Ventures; AI spatial i",not-indexed,,50,warm,queued,VERIFY PROFILE. Confirm profile. Co-founder Mustafa Khan.
2026-09-25,02,Sumit Ajwani,https://www.linkedin.com/in/sumitproducer,Canada,MakeOS (Makers),Founder & CEO,"Launched MakeOS, an AI workspace for producers",not-indexed,,50,warm,queued,"Launch, not a funding round. Check whether there was a raise."
2026-09-25,02,Baker Shogry,https://www.linkedin.com/in/bakershogry,US,Light,Co-founder & CEO,$46M Series A; white-label retail electricity platform,near-silent,2021-12,50,warm,queued,
2026-09-25,02,Guy Shahar,https://www.linkedin.com/in/guy-shahar,US,Blee,Co-founder & CEO,$20M Series A; AI marketing compliance; grew 10x in 2025,already-consistent,2026-09,40,warm,queued,Active in the last 30 days.
2026-09-25,02,Michael LaFramboise,https://www.linkedin.com/in/michael-laframboise,US,Aurelius Systems,Co-founder & CEO,$40M Series A; directed-energy counter-drone systems,emerging-writer,2026-04,40,warm,queued,Defence content has rules. Check export and ITAR boundaries.
2026-09-25,02,Noah Schochet,https://www.linkedin.com/in/noahschochet,US,TerraFirma,Co-founder & CEO,$100M+ Series A led by Kleiner Perkins; tech-enabled construction,emerging-writer,2026-07,40,warm,queued,
2026-09-25,02,Christian Bhatia Ondaatje,https://www.linkedin.com/in/christianondaatje,US,Aranya,CEO,$11M; clusterdOS turns bare metal into production clusters in under 48 hours,near-silent,2024-12,50,warm,queued,Co-founders Aryamika Bhatia Ondaatje and Sasivarnan K S.
2026-09-25,02,Kaitlyn Albertoli,https://www.linkedin.com/in/kaitlyn-claire-albertoli,US,Buzz Solutions,Co-founder & CEO,$20M Series A led by S3 Ventures; grid inspection AI,milestone-only,2026-08,40,warm,queued,Forbes 30 Under 30 with co-founder Vikhyat Chaudhry.
2026-09-25,02,Oscar Levy,https://www.linkedin.com/in/oscar-levy,US,River Markets,Co-founder & CEO,$8.5M seed led by Haun Ventures with YC and Coinbase Ventures; prediction market prime bro,emerging-writer,2026-06,40,warm,queued,Co-founder CTO Antonin Parrot.
2026-09-25,02,Adel Badiri,https://www.linkedin.com/search/results/people/?keywords=Adel%20Badiri%20Foundational%20Industries,US,Foundational Industries,CEO,$25M seed led by BoxGroup and Zigg Ventures; AI-native US factories for data centre hardwa,not-indexed,,50,warm,queued,VERIFY PROFILE. Confirm profile.
2026-09-25,02,David Lawrence,https://www.linkedin.com/search/results/people/?keywords=David%20Lawrence%20Blue%20Voice,US,Blue Voice,Co-founder & CEO,$6M led by SignalFire and Las Olas VC; AI policy guidance for police officers in 225 agenc,not-indexed,,50,warm,queued,"VERIFY PROFILE. Confirm profile. Sensitive topic, so keep it measured."
2026-09-25,02,Ian McInnis,https://www.linkedin.com/search/results/people/?keywords=Ian%20McInnis%20Multiplier,US,Multiplier,Co-founder,"$6M seed; moved HQ to Midtown East, New York",not-indexed,,50,warm,queued,VERIFY PROFILE. Confirm profile and who the CEO is. Co-founders Ben Finch and Ryan Winkler.
2026-10-02,03,Salem Abu-Hammour,https://www.linkedin.com/in/salem-abu-hammour-8717a6100,MENA,erad,Co-founder & CEO,"$22M Series A led by MEVP with 500 Global, SVC (SME working-capital fintech)",went-quiet,2022-09,50,warm,queued,Co-founder posts may carry the story; check before sending.
2026-10-02,03,Mohammad Raafi Hossain,https://www.linkedin.com/in/raafihossain,MENA,Fasset,Co-founder & CEO,$68M Series C at $1B valuation led by SBI Group (stablecoin neobank),went-quiet,2021-05,50,warm,queued,No verified email. LinkedIn first.
2026-10-02,03,Baraa Koshak,https://www.linkedin.com/in/baraakoshak,MENA,Abwab.ai,Founder & CEO,$4M seed led by Speedinvest,not-indexed,,40,warm,queued,
2026-10-02,03,Mohammad El Mougi,https://www.linkedin.com/search/results/people/?keywords=Mohammad%20El%20Mougi%20Keep%20Converting,MENA,Keep Converting,Co-founder,$2M pre-seed led by Nuwa Capital and COTU Ventures; exits stealth (AI product pages),not-indexed,,40,warm,queued,VERIFY PROFILE. No email found.
2026-10-02,03,Hamad Al-Thunayan,https://www.linkedin.com/search/results/people/?keywords=Hamad%20Al-Thunayan%20Dawraty,MENA,Dawraty,Co-founder,"$2M seed with Qatar Development Bank, $10M valuation (edtech)",not-indexed,,40,warm,queued,VERIFY PROFILE. No email found. Check co-founders.
2026-10-02,03,Purvi Munot,https://www.linkedin.com/in/purvi-munot,MENA,Sav,Co-founder & CEO,$3.5M pre-Series A led by Phoenix Venture Partners; 100k users; Saudi expansion,went-quiet,2022-09,50,warm,queued,Female founder in Gulf fintech: a strong story angle.
2026-10-02,03,Hossam Hosny,https://www.linkedin.com/search/results/people/?keywords=Hossam%20Hosny%203C%20Coding%20School,MENA,3C Coding School,Co-founder,$3M seed led by MRG Economic Group; Saudi expansion,not-indexed,,40,warm,queued,VERIFY PROFILE. No email found.
2026-10-02,03,Alaa Afifi,https://www.linkedin.com/search/results/people/?keywords=Alaa%20Afifi%20Bekia,MENA,Bekia,Founder,$765k seed led by Madica (recycling platform),not-indexed,,40,warm,queued,VERIFY PROFILE. No email found.
2026-10-02,03,Taher Alblowe,https://www.linkedin.com/in/alblowe,MENA,Rwaj,Founder & CEO,$1.2M pre-seed (live shopping and auction marketplace),not-indexed,,40,warm,queued,"Rwaj is hiring a growth and content lead, so content is already a priority."
2026-10-02,03,Wassim Mourad,https://www.linkedin.com/search/results/people/?keywords=Wassim%20Mourad%20FMSi,MENA,FMSi,CEO,Growth investment from Shorooq and Emirates Growth Fund; Saudi expansion and Gulf M&A,not-indexed,,50,warm,queued,VERIFY PROFILE. No email found.
2026-10-02,03,Mohammed Almarshidi,https://www.linkedin.com/search/results/people/?keywords=Mohammed%20Almarshidi%20RIME,MENA,RIME,Co-founder,$2M+ seed led by SEEDRA Ventures (edge AI agents),not-indexed,,40,warm,queued,VERIFY PROFILE. No email found.
2026-10-02,03,Ahmed Abaza,https://www.linkedin.com/in/ahmed-fouad-abaza,MENA,Synapse Analytics,Co-founder & CEO,$13M Series A led by Partech (AI decisioning for lenders),research-voice,2024-01,50,warm,queued,"Writes their own posts. Pitch cadence and distribution, not writing. No verified email."
2026-10-02,03,Ahmed AlSharif,https://www.linkedin.com/search/results/people/?keywords=Ahmed%20AlSharif%20Think,MENA,Think,Co-founder,$8M pre-seed co-led by RAED and Wa'ed (AI infrastructure),not-indexed,,50,warm,queued,VERIFY PROFILE. No email found. Common name: match company carefully.
2026-10-02,03,Bader Kalooti,https://www.linkedin.com/search/results/people/?keywords=Bader%20Kalooti%20Bundle,MENA,Bundle,Founder,$5.5M pre-seed led by Ethereal Ventures and Further (Web3 rewards),not-indexed,,50,warm,queued,VERIFY PROFILE. No email found.
2026-10-02,03,Samer Gharaibeh,https://www.linkedin.com/search/results/people/?keywords=Samer%20Gharaibeh%20Mylerz,MENA,Mylerz,Founder & CEO,EGP 100M+ (about $2M) for domestic expansion (last-mile logistics),not-indexed,,50,warm,queued,VERIFY PROFILE. No email found. Trigger is Jul 2026.
2026-10-02,03,Osama AlRaee,https://www.linkedin.com/search/results/people/?keywords=Osama%20AlRaee%20Lendo,MENA,Lendo,Co-founder,Up to SAR 750M ($200M) SME financing programme with Quantic,not-indexed,,50,warm,queued,VERIFY PROFILE. No email found. Co-founder Mohamed Jawabri posts; check who leads comms.
2026-10-02,03,Ladi Delano,https://www.linkedin.com/in/ladidelano,MENA,Moove,Co-founder & CEO,$250M Series C at $2.1B valuation led by Mubadala (autonomous mobility),company-page-voice,,50,warm,queued,Large company. Offer to work alongside comms. Prospeo lists the role as Co-founder and CEO; press says Co-CEO.
2026-10-02,03,Omar Abu Innab,https://www.linkedin.com/search/results/people/?keywords=Omar%20Abu%20Innab%20Keyper,MENA,Keyper,Co-founder & CEO,$11M Series A (monthly rent payments),not-indexed,,50,warm,queued,VERIFY PROFILE. No email found. Trigger is Jul 2026.
2026-10-02,03,Tareq Dalbah,https://www.linkedin.com/search/results/people/?keywords=Tareq%20Dalbah%20Arab%20Therapy,MENA,Arab Therapy,Co-founder & CEO,$2M pre-Series A led by Manara Ventures (Arabic online therapy),not-indexed,,40,warm,queued,"VERIFY PROFILE. No email found. Sensitive topic, keep it measured. Based between Berlin and Amman."
2026-10-02,03,Mohammed Al-Mubayed,https://www.linkedin.com/search/results/people/?keywords=Mohammed%20Al-Mubayed%20Fitting,MENA,Fitting,Founder & CEO,$1.1M second seed (construction materials platform),not-indexed,,40,warm,queued,VERIFY PROFILE. No email found.
2026-10-02,03,Matt Wilson,https://www.linkedin.com/in/matthew-wilson-671a757a,UK,Jack & Jill,Co-founder & CEO,$40M Series A led by Air Street Capital (AI hiring agents),milestone-only,2025-10,50,warm,queued,Prospeo shows a US (New York) location; company is London-based.
2026-10-02,03,Alex Higginbottom,https://www.linkedin.com/in/alex-higginbottom-049056141,UK,Zenithon,Founder & CEO,"$10M led by BACKED with Seraphim, Lunar, MMC (world models for extreme physics)",not-indexed,,50,warm,queued,"Raise announced 30 Sep 2026, so this is very fresh."
2026-10-02,03,Umaima Ahmad,https://www.linkedin.com/in/umaima-ahmad,UK,52North,Co-founder & CEO,GBP 3.2M co-led by Macmillan and Hargreave Hale AIM VCT (Neutrocheck cancer test),went-quiet,2023-01,40,warm,queued,No verified email. LinkedIn first.
2026-10-02,03,Daniel Park,https://www.linkedin.com/search/results/people/?keywords=Daniel%20Park%20InTouchNow,UK,InTouchNow,Founder,GBP 2.3M seed led by Ada Ventures (AI voice agent for GP surgeries),not-indexed,,40,warm,queued,VERIFY PROFILE. Common name. No email found.
2026-10-02,03,Guy Levy-Yurista,https://www.linkedin.com/search/results/people/?keywords=Guy%20Levy-Yurista%20Imperagen,UK,Imperagen,CEO,GBP 5M seed; appointed CEO (AI enzyme engineering),not-indexed,,60,warm-priority,queued,VERIFY PROFILE. Two triggers (new CEO and raise). No email found.
2026-10-02,03,Andrea Romano,https://www.linkedin.com/search/results/people/?keywords=Andrea%20Romano%20DriveSimple,UK,DriveSimple,CEO,GBP 1.5M from Calm Media Investments; appointed CEO (van subscriptions),not-indexed,,50,warm,queued,VERIFY PROFILE. Common name. No email found.
2026-10-02,03,Danyal Akarca,https://www.linkedin.com/search/results/people/?keywords=Danyal%20Akarca%20Callosum,UK,Callosum,Co-founder & CEO,$100M (GBP 73.5M) seed led by Atomico; first UK Sovereign AI Fund investment,not-indexed,,50,warm,queued,VERIFY PROFILE. No email found. Likely research background: pitch distribution and cadence.
2026-10-02,03,Ilya Drozdov,https://www.linkedin.com/search/results/people/?keywords=Ilya%20Drozdov%20Dwelly,UK,Dwelly,Co-founder & CEO,GBP 128M Series B (AI roll-up of letting agencies),not-indexed,,50,warm,queued,VERIFY PROFILE. No email found. Trigger is Jul 2026.
2026-10-02,03,Max Buchan,https://www.linkedin.com/in/maxbuchan,UK,Valarian,Founder & CEO,$50M (GBP 37M) Series A (sovereign AI infrastructure),went-quiet,2023-05,50,warm,queued,Defence buyers. Keep it formal. Trigger is Jul 2026.
2026-10-02,03,Arthur Fordham,https://www.linkedin.com/search/results/people/?keywords=Arthur%20Fordham%20AcouBatt,UK,AcouBatt,Co-founder,"GBP 1.1M pre-seed led by Creator Fund with Ada Ventures (battery diagnostics, UCL spinout)",not-indexed,,40,warm,queued,VERIFY PROFILE. No email found.
2026-10-02,03,David Dobrin,https://www.linkedin.com/search/results/people/?keywords=David%20Dobrin%20OriginalVoices,UK,OriginalVoices,Founder,GBP 1M pre-seed led by Iona Star (human data for AI),not-indexed,,40,warm,queued,VERIFY PROFILE. No email found.
2026-10-02,03,Koye Sodipo,https://www.linkedin.com/search/results/people/?keywords=Koye%20Sodipo%20Anemo%20Labs,UK,Anemo Labs,Founder,GBP 700k pre-seed co-led by Zinc and SFC Capital (AI e-nose),not-indexed,,40,warm,queued,VERIFY PROFILE. No email found.
2026-10-02,03,Anahita Laverack,https://www.linkedin.com/in/anahita-laverack,UK,Oshen,Co-founder & CEO,$5M (GBP 3.65M) to scale ocean robot fleet,went-quiet,2024-02,50,warm,queued,Cite only the post title; text not read.
2026-10-02,03,Ilan Adler,https://www.linkedin.com/in/ilan-adler-31226a72,UK,EcoNomad Solutions,Founder & CEO,GBP 400k round incl. British Design Fund (farm waste-to-energy),not-indexed,,40,warm,queued,Academic: pitch time saved and distribution.
2026-10-02,03,Fozia Saleem,https://www.linkedin.com/in/dr-fozia-saleem-b7762718,UK,Magnitude Biosciences,CEO,GBP 1.3M to scale in vivo drug discovery platform,company-page-voice,,50,warm,queued,
2026-10-02,03,Natasha Jones,https://www.linkedin.com/in/natasha-jones-url,UK,Metris Energy,Co-founder & CEO,$5M seed (AI platform for energy assets),went-quiet,2024-03,50,warm,queued,
2026-10-02,03,John Daley,https://www.linkedin.com/search/results/people/?keywords=John%20Daley%20HelmGuard,UK,HelmGuard,Co-founder & CEO,$7.3M seed (agentic GRC and security),not-indexed,,50,warm,queued,VERIFY PROFILE. Common name. No email found.
2026-10-02,03,Khaled Eissa,https://www.linkedin.com/search/results/people/?keywords=Khaled%20Eissa%20Eterna%20Regeneratives,UK,Eterna Regeneratives,Co-founder & CEO,$4M seed (biomaterials for tissue regeneration),not-indexed,,40,warm,queued,VERIFY PROFILE. No email found.
2026-10-02,03,Alex Packham,https://www.linkedin.com/search/results/people/?keywords=Alex%20Packham%20AcademyAI,UK,AcademyAI,Co-founder,GBP 1.65M pre-seed (workplace AI skills),not-indexed,,40,warm,queued,VERIFY PROFILE. No email found.
2026-10-02,03,Kerstin Papenfuss,https://www.linkedin.com/search/results/people/?keywords=Kerstin%20Papenfuss%20Big%20Picture%20Bio,UK,Big Picture Bio,Co-founder & CEO,GBP 1.5M pre-seed plus GBP 700k Innovate UK (cancer combination therapies),not-indexed,,40,warm,queued,VERIFY PROFILE. No email found.
2026-10-02,03,Alex Toporek,https://www.linkedin.com/in/alex-toporek,US,Rebuild,Co-founder & CEO,$13M+ (AI OS for property restoration),not-indexed,,50,warm,queued,Headline says Rebuild is hiring.
2026-10-02,03,Nabeel Alamgir,https://www.linkedin.com/search/results/people/?keywords=Nabeel%20Alamgir%20Fin.com,US,Fin.com,Co-founder,$20M seed (global money movement network),not-indexed,,50,warm,queued,VERIFY PROFILE. No email found.
2026-10-02,03,Calvin Chen,https://www.linkedin.com/search/results/people/?keywords=Calvin%20Chen%20Proximal,US,Proximal,Co-founder & CEO,$15M seed led by General Catalyst at $300M valuation; $200M annualised revenue,not-indexed,,50,warm,queued,VERIFY PROFILE. Common name. No email found.
2026-10-02,03,Siddharth Ram,https://www.linkedin.com/search/results/people/?keywords=Siddharth%20Ram%20Intermezzo,US,Intermezzo,Co-founder & CEO,$10M (AI-native global payroll); ex-Intuit chief architect,not-indexed,,50,warm,queued,VERIFY PROFILE. No email found.
2026-10-02,03,Marc Theermann,https://www.linkedin.com/in/theermann,US,Dynamic Creatures,Co-founder & CEO,"Seed funding, out of stealth (hospitality robotics); ex-Boston Dynamics CSO",went-quiet,2023-11,50,warm,queued,No email found.
2026-10-02,03,Michael Assraf,https://www.linkedin.com/search/results/people/?keywords=Michael%20Assraf%20Flamingo,US,Flamingo,Founder & CEO,$4.5M seed (AI and IT infrastructure software),not-indexed,,40,warm,queued,VERIFY PROFILE. No email found.
2026-10-02,03,Nikhil Aggarwal,https://www.linkedin.com/search/results/people/?keywords=Nikhil%20Aggarwal%20Corridor,US,Corridor,Co-founder & CEO,$25M seed led by Bain Capital Ventures (AI health benefits brokerage for SMBs),not-indexed,,50,warm,queued,VERIFY PROFILE. Common name. No email found.
2026-10-02,03,Zach Zelner,https://www.linkedin.com/in/zachzelner,US,OuterSignal,Founder & CEO,$22M Series A (agentic customer intelligence),not-indexed,,50,warm,queued,Atlanta based.
2026-10-02,03,Michael Rossiter,https://www.linkedin.com/search/results/people/?keywords=Michael%20Rossiter%20Atomic,US,Atomic,Co-founder & CEO,$12.5M Series A from Klass Capital and Madrona; ex-Tesla planning leads,not-indexed,,50,warm,queued,VERIFY PROFILE. Common name. No email found.
2026-10-02,03,Justin Inman,https://www.linkedin.com/in/jinman11,US,Emberos,Founder & CEO,$5.5M seed (AI brand management OS),not-indexed,,50,warm,queued,"Marketer. Pitch time and consistency, not writing."
2026-10-02,03,Neil Sobin,https://www.linkedin.com/in/neilsobin,US,Quartermaster,Founder & CEO,$140M Series B led by Insight Partners (maritime intelligence),went-quiet,2022-02,50,warm,queued,Defence buyers. Keep it formal.
2026-10-02,03,Cheryl Sew Hoy,https://www.linkedin.com/in/cherylyeoh,US,Tiny Health,Founder & CEO,$33M Series B led by B Capital (microbiome testing),already-consistent,2022-12,50,warm,queued,Already posts: pitch time back and reach.
2026-10-02,03,Randy Fernando,https://www.linkedin.com/search/results/people/?keywords=Randy%20Fernando%20Maximum,US,Maximum,Founder & CEO,$30M seed led by CRV (AI-native core banking); third-time founder,not-indexed,,50,warm,queued,VERIFY PROFILE. Email lookup pending.
2026-10-02,03,Ross Finman,https://www.linkedin.com/in/ross-finman-a0618512,US,Augmodo,Founder & CEO,$21M at $350M valuation (spatial AI for frontline workers),emerging-writer,2023-12,50,warm,queued,Writes their own posts. Pitch cadence and distribution. Trigger is Jul 2026. Email lookup pending.
2026-10-02,03,Joseph Perla,https://www.linkedin.com/search/results/people/?keywords=Joseph%20Perla%20TrustedRouter,US,TrustedRouter,Founder & CEO,$1.25M seed (private AI gateway); four-time exited founder,emerging-writer,2024-03,40,warm,queued,VERIFY PROFILE. Likely /in/josephperla. Email lookup pending.
2026-10-02,03,Chris Faught,https://www.linkedin.com/in/cpfaught,US,Neon Commerce,Founder & CEO,$13M Series A from a16z and Krafton (DTC commerce for games),milestone-only,2023-05,50,warm,queued,Trigger is Jul 2026. Email lookup pending.
2026-10-02,03,Wyatt McDonnell,https://www.linkedin.com/in/wyattmcdonnell,US,Infinimmune,Co-founder & CEO,$75M Series A led by Regeneron Ventures and Playground Global (antibodies),milestone-only,2023-02,50,warm,queued,Email lookup pending.
2026-10-02,03,Peter Dun,https://www.linkedin.com/in/bodun,US,Feathery,Co-founder & CEO,"Series A, $30M total (AI decisioning for financial services)",company-news-voice,2024-01,50,warm,queued,Trigger is Jul 2026. Email lookup pending.
2026-10-02,03,Terry Moon,https://www.linkedin.com/search/results/people/?keywords=Terry%20Moon%20CarbonSix,US,CarbonSix,CEO,$40M Series A (physical AI for manufacturing),not-indexed,,50,warm,queued,VERIFY PROFILE. Common name. Trigger is Jul 2026. Email lookup pending.
2026-10-02,03,Stephen Haney,https://www.linkedin.com/search/results/people/?keywords=Stephen%20Haney%20Paper,US,Paper,Founder & CEO,$34M Series A (design platform for agentic AI),not-indexed,,50,warm,queued,VERIFY PROFILE. Trigger is Jul 2026. Email lookup pending.
